gene	essentiality	ncbi_id
A1BG	CSEGs	1
AADACL3	CSEGs	126767
AAMP	CEGs	14
ABCA10	CSEGs	10349
ABCA9	CSEGs	10350
ABCB1	CSEGs	5243
ABCB6	CSEGs	10058
ABCB7	CEGs	22
ABCC10	CSEGs	89845
ABCC11	CSEGs	85320
ABCC4	CSEGs	10257
ABCD3	CSEGs	5825
ABCE1	CEGs	6059
ABCG4	CSEGs	64137
ABHD17A CSEGs	81926
ABHD17B	CSEGs	51104
ABL1	CSEGs	25
ABLIM1	CSEGs	3983
ABRACL	CSEGs	58527
ACACB	CSEGs	32
ACADSB	CSEGs	36
ACADVL	CSEGs	37
ACBD7	CSEGs	414149
ACCSL	CSEGs	390110
ACKR2	CSEGs	1238
ACKR3	CSEGs	57007
ACOT12	CSEGs	134526
ACOX3	CSEGs	8310
ACP6	CSEGs	51205
ACRBP	CSEGs	84519
ACSL1	CSEGs	2180
ACTC1	CSEGs	70
ACTN4	CSEGs	81
ACTR10	CEGs	55860
ACTR3C	CSEGs	653857
ADAL	CSEGs	161823
ADAM10	CSEGs	102
ADAM2	CSEGs	2515
ADAM20	CSEGs	8748
ADAM30	CSEGs	11085
ADAM7	CSEGs	8756
ADAMTS1	CSEGs	9510
ADAMTS3	CSEGs	9508
ADAMTS4	CSEGs	9507
ADAT1	CSEGs	23536
ADI1	CSEGs	55256
ADIPOQ	CSEGs	9370
ADIPOR1	CSEGs	51094
ADIRF	CSEGs	10974
ADPRH	CSEGs	141
ADRA1A	CSEGs	148
ADRB1	CSEGs	153
ADRB2	CSEGs	154
ADRB3	CSEGs	155
AFF3	CSEGs	3899
AFP	CSEGs	174
AGA	CSEGs	175
AGBL5	CSEGs	60509
AGPS	CSEGs	8540
AGR2	CSEGs	10551
AGRN	CSEGs	375790
AGTR1	CSEGs	185
AGTRAP	CSEGs	57085
AIMP1	CSEGs	9255
AJUBA	CSEGs	84962
AKAP12	CSEGs	9590
AKAP9	CSEGs	10142
AKIP1	CSEGs	56672
AKIRIN2	CEGs	55122
AKR1C1	CSEGs	1645
ALDH1A3	CSEGs	220
ALDH4A1	CSEGs	8659
ALDH7A1	CSEGs	501
ALG11	CEGs	440138
ALG1L	CEGs	200810
ALG3	CSEGs	10195
ALKBH5	CSEGs	54890
ALOX5	CSEGs	240
ALPL	CSEGs	249
AMBP	CSEGs	259
AMBRA1	CSEGs	55626
AMDHD2	CSEGs	51005
AMN	CSEGs	81693
ANAPC1	CEGs	64682
ANAPC10	CEGs	10393
ANAPC2	CEGs	29882
ANAPC4	CEGs	29945
ANAPC5	CEGs	51433
ANK3	CSEGs	288
ANKIB1	CSEGs	54467
ANKLE2	CEGs	23141
ANKMY1	CSEGs	51281
ANKRD13C	CSEGs	81573
ANKRD20A8P	CSEGs	729171
ANKRD30A	CSEGs	91074
ANKRD33	CSEGs	341405
ANKRD40	CSEGs	91369
ANKRD45	CSEGs	339416
ANKRD6	CSEGs	22881
ANKRD66	CSEGs	100287718
ANP32AP1	CSEGs	723972
ANXA2R	CSEGs	389289
AOC2	CSEGs	314
AOX1	CSEGs	316
AP1M1	CSEGs	8907
AP3M2	CSEGs	10947
AP4S1	CSEGs	11154
APBB1IP	CSEGs	54518
APOC3	CSEGs	345
APOL5	CSEGs	80831
APPL1	CSEGs	26060
APTX	CSEGs	54840
AQP12B	CSEGs	653437
AQP2	CSEGs	359
AQR	CEGs	9716
ARC	CSEGs	23237
ARCN1	CEGs	372
ARHGAP21	CSEGs	57584
ARHGAP26	CSEGs	23092
ARHGDIB	CSEGs	397
ARHGEF19	CSEGs	128272
ARHGEF3	CSEGs	50650
ARID5A	CSEGs	10865
ARL13A	CSEGs	392509
ARL14EPL	CSEGs	644100
ARL2	CEGs	402
ARL5A	CSEGs	26225
ARL6	CSEGs	84100
ARL6IP4	CSEGs	51329
ARMC1	CSEGs	55156
ARMC6	CSEGs	93436
ARPC1A	CSEGs	10552
ARPP21	CSEGs	10777
ARSE	CSEGs	415
ARX	CSEGs	170302
AS3MT	CSEGs	57412
ASCC1	CSEGs	51008
ASCL1	CSEGs	429
ASIC2	CSEGs	40
ASIP	CSEGs	434
ASTE1	CSEGs	28990
ATAD3B	CSEGs	83858
ATF2	CSEGs	1386
ATF6B	CSEGs	1388
ATG2B	CSEGs	55102
ATOH7	CSEGs	220202
ATOX1	CSEGs	475
ATP11C	CSEGs	286410
ATP6AP1L	CSEGs	92270
ATP6V0A2	CSEGs	23545
ATP6V0C	CEGs	527
ATP6V0D1	CEGs	9114
ATP6V0E2	CSEGs	155066
ATP6V1B1	CSEGs	525
ATP6V1B2	CEGs	526
ATP6V1C2	CSEGs	245973
ATP7A	CSEGs	538
ATP7B	CSEGs	540
ATP9A	CSEGs	10079
ATP9B	CSEGs	374868
ATR	CEGs	545
ATRAID	CSEGs	51374
ATRIP	CEGs	84126
ATRN	CSEGs	8455
ATXN1L	CSEGs	342371
ATXN7L3	CSEGs	56970
AURKAIP1	CSEGs	54998
AURKB	CEGs	9212
AVPR1A	CSEGs	552
AZI2	CSEGs	64343
B3GALT4	CSEGs	8705
B3GAT3	CSEGs	26229
B3GNT5	CSEGs	84002
B4GALNT3	CSEGs	283358
B4GALNT4	CSEGs	338707
B4GALT2	CSEGs	8704
B4GALT7	CSEGs	11285
BAAT	CSEGs	570
BAD	CSEGs	572
BANF2	CSEGs	140836
BANK1	CSEGs	55024
BASP1	CSEGs	10409
BBS4	CSEGs	585
BBS5	CSEGs	129880
BBS7	CSEGs	55212
BCAS1	CSEGs	8537
BCAS2	CEGs	10286
BCAS3	CSEGs	54828
BCL11B	CSEGs	64919
BCL2L13	CSEGs	23786
BCL2L15	CSEGs	440603
BCL3	CSEGs	602
BCL6	CSEGs	604
BDKRB1	CSEGs	623
BEST1	CSEGs	7439
BEX4	CSEGs	56271
BFAR	CSEGs	51283
BGLAP	CSEGs	632
BHLHA15	CSEGs	168620
BHMT2	CSEGs	23743
BIRC5	CEGs	332
BIVM	CSEGs	54841
BLCAP	CSEGs	10904
BMP8A	CSEGs	353500
BMS1	CEGs	9790
BNC2	CSEGs	54796
BNIP1	CEGs	662
BOD1L1	CSEGs	259282
BPGM	CSEGs	669
BPI	CSEGs	671
BPY2	CSEGs	9083
BPY2B	CSEGs	442867
BPY2C	CSEGs	442868
BRCA2	CSEGs	675
BRD9	CSEGs	65980
BRF1	CEGs	2972
BRF2	CEGs	55290
BRPF3	CSEGs	27154
BRS3	CSEGs	680
BRWD1	CSEGs	54014
BSN	CSEGs	8927
BSX	CSEGs	390259
BTBD9	CSEGs	114781
BTC	CSEGs	685
BTF3P11	CSEGs	690
BTLA	CSEGs	151888
BUB3	CEGs	9184
BYSL	CEGs	705
C11orf24	CSEGs	53838
C11orf40	CSEGs	143501
C11orf45	CSEGs	219833
C11orf74	CSEGs	119710
C14orf39	CSEGs	317761
C17orf75	CSEGs	64149
C18orf25	CSEGs	147339
C1D	CSEGs	10438
C1QA	CSEGs	712
C1QL2	CSEGs	165257
C1R	CSEGs	715
C1orf122	CSEGs	127687
C1orf158	CSEGs	93190
C2	CSEGs	717
C2orf15	CSEGs	150590
C2orf49	CSEGs	79074
C3orf52	CSEGs	79669
C4A	CSEGs	720
C4BPB	CSEGs	725
C5orf15	CSEGs	56951
C6orf118	CSEGs	168090
C7orf57	CSEGs	136288
C8orf31	CSEGs	286122
C8orf37	CSEGs	157657
C8orf44	CSEGs	56260
C9orf131	CSEGs	138724
C9orf135	CSEGs	138255
C9orf139	CSEGs	401563
C9orf152	CSEGs	401546
C9orf40	CSEGs	55071
CA11	CSEGs	770
CACFD1	CSEGs	11094
CACNA2D3	CSEGs	55799
CACNG6	CSEGs	59285
CACTIN	CEGs	58509
CADM1	CSEGs	23705
CADM2	CSEGs	253559
CALML4	CSEGs	91860
CAMK1D	CSEGs	57118
CAMK2G	CSEGs	818
CANT1	CSEGs	124583
CAPN13	CSEGs	92291
CAPN15	CSEGs	6650
CAPN9	CSEGs	10753
CAPRIN1	CSEGs	4076
CAPS2	CSEGs	84698
CAPZA1	CSEGs	829
CARD11	CSEGs	84433
CARD8	CSEGs	22900
CASP5	CSEGs	838
CASP7	CSEGs	840
CAT	CSEGs	847
CATSPERB	CSEGs	79820
CATSPERD	CSEGs	257062
CBR4	CSEGs	84869
CBWD1	CEGs	55871
CCDC117	CSEGs	150275
CCDC121	CSEGs	79635
CCDC137	CSEGs	339230
CCDC144A	CSEGs	9720
CCDC172	CSEGs	374355
CCDC173	CSEGs	129881
CCDC178	CSEGs	374864
CCDC28B	CSEGs	79140
CCDC42	CSEGs	146849
CCDC47	CSEGs	57003
CCDC63	CSEGs	160762
CCDC9	CSEGs	26093
CCDC93	CSEGs	54520
CCHCR1	CSEGs	54535
CCKAR	CSEGs	886
CCL16	CSEGs	6360
CCL26	CSEGs	10344
CCL4	CSEGs	6351
CCND1	CEGs	595
CCNI	CSEGs	10983
CCNJ	CSEGs	54619
CCNK	CEGs	8812
CCNT1	CSEGs	904
CCNT2	CSEGs	905
CCP110	CSEGs	9738
CCR1	CSEGs	1230
CCR5	CSEGs	1234
CCR8	CSEGs	1237
CCSER1	CSEGs	401145
CCT3	CEGs	7203
CCT5	CEGs	22948
CCT6A	CEGs	908
CCT6B	CSEGs	10693
CCT7	CEGs	10574
CCT8	CEGs	10694
CD276	CSEGs	80381
CD2AP	CSEGs	23607
CD300A	CSEGs	11314
CD300C	CSEGs	10871
CD300LG	CSEGs	146894
CD37	CSEGs	951
CD47	CSEGs	961
CD48	CSEGs	962
CD52	CSEGs	1043
CD55	CSEGs	1604
CD79A	CSEGs	973
CDC123	CEGs	8872
CDC16	CEGs	8881
CDC20	CEGs	991
CDC23	CEGs	8697
CDC27	CEGs	996
CDC34	CSEGs	997
CDC37	CEGs	11140
CDC37L1	CSEGs	55664
CDC45	CEGs	8318
CDC5L	CEGs	988
CDC6	CEGs	990
CDC7	CEGs	8317
CDC73	CEGs	79577
CDH1	CSEGs	999
CDH12	CSEGs	1010
CDH4	CSEGs	1002
CDHR3	CSEGs	222256
CDK1	CEGs	983
CDK9	CEGs	1025
CDKL4	CSEGs	344387
CDKN1C	CSEGs	1028
CDRT1	CSEGs	374286
CDRT15	CSEGs	146822
CDT1	CEGs	81620
CDX1	CSEGs	1044
CDYL2	CSEGs	124359
CEACAM4	CSEGs	1089
CEACAM6	CSEGs	4680
CEACAM8	CSEGs	1088
CELA1	CSEGs	1990
CELA3A	CSEGs	10136
CENPA	CEGs	1058
CENPM	CEGs	79019
CENPN	CEGs	55839
CENPW	CEGs	387103
CEP170	CSEGs	9859
CEP290	CSEGs	80184
CEP63	CSEGs	80254
CEP85	CSEGs	64793
CERK	CSEGs	64781
CERS3	CSEGs	204219
CERS6	CSEGs	253782
CETN2	CSEGs	1069
CETN3	CSEGs	1070
CFD	CSEGs	1675
CFDP1	CSEGs	10428
CFHR2	CSEGs	3080
CFHR5	CSEGs	81494
CFL2	CSEGs	1073
CH25H	CSEGs	9023
CHAF1A	CEGs	10036
CHAF1B	CEGs	8208
CHCHD1	CSEGs	118487
CHCHD4	CEGs	131474
CHEK1	CEGs	1111
CHFR	CSEGs	55743
CHGA	CSEGs	1113
CHI3L1	CSEGs	1116
CHIA	CSEGs	27159
CHIC2	CSEGs	26511
CHMP1B	CSEGs	57132
CHMP2A	CEGs	27243
CHMP4B	CEGs	128866
CHN2	CSEGs	1124
CHP1	CSEGs	11261
CHRM5	CSEGs	1133
CHST13	CSEGs	166012
CHST4	CSEGs	10164
CHST8	CSEGs	64377
CHTF18	CSEGs	63922
CIITA	CSEGs	4261
CITED2	CSEGs	10370
CKAP5	CEGs	9793
CLCC1	CSEGs	23155
CLDN6	CSEGs	9074
CLDND2	CSEGs	125875
CLEC18C	CSEGs	283971
CLEC2B	CSEGs	9976
CLEC4A	CSEGs	50856
CLEC4E	CSEGs	26253
CLECL1	CSEGs	160365
CLGN	CSEGs	1047
CLIP3	CSEGs	25999
CLP1	CEGs	10978
CLSTN1	CSEGs	22883
CMAS	CSEGs	55907
CMPK2	CSEGs	129607
CMSS1	CSEGs	84319
CNFN	CSEGs	84518
CNGA4	CSEGs	1262
CNOT2	CSEGs	4848
CNTF	CSEGs	1270
CNTLN	CSEGs	54875
CNTN5	CSEGs	53942
COA1	CSEGs	55744
COL26A1	CSEGs	136227
COL4A2	CSEGs	1284
COLGALT2	CSEGs	23127
COMMD9	CSEGs	29099
COMT	CSEGs	1312
COPA	CEGs	1314
COPB1	CEGs	1315
COPB2	CEGs	9276
COPE	CEGs	11316
COPRS	CSEGs	55352
COPS2	CEGs	9318
COPS5	CEGs	10987
COPS6	CEGs	10980
COPZ1	CEGs	22818
COQ3	CSEGs	51805
COQ5	CSEGs	84274
CORO1C	CSEGs	23603
COX15	CSEGs	1355
COX4I2	CSEGs	84701
COX8C	CSEGs	341947
CPA3	CSEGs	1359
CPNE6	CSEGs	9362
CPSF2	CEGs	53981
CPSF3	CEGs	51692
CPXM2	CSEGs	119587
CRABP2	CSEGs	1382
CRAT	CSEGs	1384
CRB1	CSEGs	23418
CREBL2	CSEGs	1389
CREG2	CSEGs	200407
CREM	CSEGs	1390
CRISP2	CSEGs	7180
CRLF2	CSEGs	64109
CRNKL1	CEGs	51340
CROCC	CSEGs	9696
CRTAM	CSEGs	56253
CRYGC	CSEGs	1420
CRYGS	CSEGs	1427
CSE1L	CEGs	1434
CSGALNACT2	CSEGs	55454
CSNK1A1L	CSEGs	122011
CSPP1	CSEGs	79848
CSRNP3	CSEGs	80034
CST4	CSEGs	1472
CST7	CSEGs	8530
CST9L	CSEGs	128821
CSTF3	CEGs	1479
CTCF	CEGs	10664
CTDP1	CEGs	9150
CTDSP2	CSEGs	10106
CTH	CSEGs	1491
CTNND1	CSEGs	1500
CTRB1	CSEGs	1504
CTRB2	CSEGs	440387
CTSL3P	CSEGs	392360
CTTN	CSEGs	2017
CUL4A	CSEGs	8451
CUL7	CSEGs	9820
CWC22	CEGs	57703
CWC25	CSEGs	54883
CXADR	CSEGs	1525
CXXC5	CSEGs	51523
CXorf40A	CSEGs	91966
CYB561A3	CSEGs	220002
CYP11B2	CSEGs	1585
CYP27A1	CSEGs	1593
CYP2E1	CSEGs	1571
CYP39A1	CSEGs	51302
CYP3A4	CSEGs	1576
CYP3A7	CSEGs	1551
CYP4F22	CSEGs	126410
CYP7A1	CSEGs	1581
CYSLTR2	CSEGs	57105
DAB2	CSEGs	1601
DAD1	CEGs	1603
DBI	CSEGs	1622
DBN1	CSEGs	1627
DBNDD2	CSEGs	55861
DBNL	CSEGs	28988
DCAF4L2	CSEGs	138009
DCAF8L1	CSEGs	139425
DCLK3	CSEGs	85443
DCTPP1	CSEGs	79077
DCUN1D5	CSEGs	84259
DDB1	CEGs	1642
DDHD1	CSEGs	80821
DDI1	CSEGs	414301
DDOST	CEGs	1650
DDX10	CEGs	1662
DDX18	CEGs	8886
DDX20	CEGs	11218
DDX28	CSEGs	55794
DDX31	CSEGs	64794
DDX41	CEGs	51428
DDX47	CEGs	51202
DDX49	CEGs	54555
DDX54	CEGs	79039
DDX56	CEGs	54606
DDX59	CEGs	83479
DEFB108B	CSEGs	245911
DEFB118	CSEGs	117285
DEFB121	CSEGs	245934
DEFB128	CSEGs	245939
DEFB4B	CSEGs	100289462
DEPDC1B	CSEGs	55789
DEPDC5	CSEGs	9681
DEPDC7	CSEGs	91614
DET1	CSEGs	55070
DGCR6L	CSEGs	85359
DHDDS	CEGs	79947
DHRS2	CSEGs	10202
DHX15	CEGs	1665
DHX16	CEGs	8449
DHX37	CEGs	57647
DHX40	CSEGs	79665
DHX8	CEGs	1659
DHX9	CEGs	1660
DIMT1	CEGs	27292
DIRAS1	CSEGs	148252
DIS3L2	CSEGs	129563
DKC1	CEGs	1736
DLEC1	CSEGs	9940
DLEU7	CSEGs	220107
DLL4	CSEGs	54567
DMRTB1	CSEGs	63948
DMTN	CSEGs	2039
DNAAF1	CSEGs	123872
DNAH7	CSEGs	56171
DNAH9	CSEGs	1770
DNAI2	CSEGs	64446
DNAJB13	CSEGs	374407
DNAJB2	CSEGs	3300
DNAJB4	CSEGs	11080
DOCK10	CSEGs	55619
DOCK4	CSEGs	9732
DOK3	CSEGs	79930
DOK5	CSEGs	55816
DOLK	CSEGs	22845
DONSON	CEGs	29980
DPH2	CSEGs	1802
DPH5	CSEGs	51611
DPP8	CSEGs	54878
DPY19L2	CSEGs	283417
DSEL	CSEGs	92126
DTL	CEGs	51514
DTNA	CSEGs	1837
DTX1	CSEGs	1840
DTYMK	CEGs	1841
DUS4L	CSEGs	11062
DUSP1	CSEGs	1843
DUSP18	CSEGs	150290
DUSP28	CSEGs	285193
DUSP9	CSEGs	1852
DUT	CEGs	1854
DYDC1	CSEGs	143241
DYNC1H1	CEGs	1778
DYNC1I2	CEGs	1781
DYNLRB1	CEGs	83658
E2F5	CSEGs	1875
E2F7	CSEGs	144455
EBI3	CSEGs	10148
EBP	CSEGs	10682
EBPL	CSEGs	84650
ECD	CEGs	11319
ECHS1	CSEGs	1892
ECM1	CSEGs	1893
EDA2R	CSEGs	60401
EEF1A1	CEGs	1915
EEF2	CEGs	1938
EFCAB2	CSEGs	84288
EFHD2	CSEGs	79180
EFNA1	CSEGs	1942
EFNA5	CSEGs	1946
EFNB3	CSEGs	1949
EFTUD2	CEGs	9343
EGFR	CEGs	1956
EHBP1	CSEGs	23301
EID2B	CSEGs	126272
EIF1AX	CEGs	1964
EIF2AK3	CSEGs	9451
EIF2B2	CEGs	8892
EIF2B4	CEGs
EIF2B5	CEGs	8893
EIF2S1	CEGs	1965
EIF2S2	CEGs	8894
EIF2S3	CEGs	1968
EIF3A	CEGs	8661
EIF3B	CEGs	8662
EIF3CL	CEGs	728689
EIF3D	CEGs	8664
EIF3F	CEGs	8665
EIF3I	CEGs	8668
EIF3M	CEGs	10480
EIF4A2	CSEGs	1974
EIF4A3	CEGs	9775
EIF5	CEGs	1983
EIF6	CEGs	3692
ELF3	CSEGs	1999
ELF4	CSEGs	2000
ELL	CEGs	8178
ELMOD1	CSEGs	55531
ELMOD3	CSEGs	84173
ELP4	CEGs	26610
EMC10	CSEGs	284361
EML1	CSEGs	2009
EML4	CSEGs	27436
EN1	CSEGs	2019
ENC1	CSEGs	8507
ENDOG	CSEGs	2021
ENTPD1	CSEGs	953
EPB41	CSEGs	2035
EPB41L2	CSEGs	2037
EPHA2	CSEGs	1969
EPHB6	CSEGs	2051
EPRS	CEGs	2058
EPS15L1	CSEGs	58513
ERBB4	CSEGs	2066
ERCC3	CEGs	2071
ERH	CEGs	2079
ERI1	CSEGs	90459
ERI2	CSEGs	112479
ERMARD	CSEGs	55780
ESM1	CSEGs	11082
ESPL1	CEGs	9700
ESPNP	CSEGs	284729
ETF1	CEGs	2107
EXOC3	CEGs	11336
EXOC4	CSEGs	60412
EXOG	CSEGs	9941
EXOSC3	CEGs	51010
EXOSC7	CEGs	23016
EXT1	CSEGs	2131
EXTL2	CSEGs	2135
EXTL3	CSEGs	2137
EYS	CSEGs	346007
F11R	CSEGs	50848
F12	CSEGs	2161
F2R	CSEGs	2149
FAAH2	CSEGs	158584
FABP1	CSEGs	2168
FABP4	CSEGs	2167
FAHD2A	CSEGs	51011
FAM120A	CSEGs	23196
FAM162A	CSEGs	26355
FAM166A	CSEGs	401565
FAM169A	CSEGs	26049
FAM171A2	CSEGs	284069
FAM172A	CSEGs	83989
FAM177A1	CSEGs	283635
FAM200A	CSEGs	221786
FAM216A	CSEGs	29902
FAM220A	CSEGs	84792
FAM32A	CEGs	26017
FAM3D	CSEGs	131177
FAM49B	CSEGs	51571
FAM50B	CSEGs	26240
FAM71B	CSEGs	153745
FAM74A1	CSEGs	401507
FAM76A	CSEGs	199870
FAM83D	CSEGs	81610
FAM86B1	CEGs	85002
FAM89B	CSEGs	23625
FANCA	CSEGs	2175
FANCE	CSEGs	2178
FANCF	CSEGs	2188
FARSA	CEGs	2193
FARSB	CEGs	10056
FAS	CSEGs	355
FAT1	CSEGs	2195
FBLN7	CSEGs	129804
FBRS	CSEGs	64319
FBXL3	CSEGs	26224
FBXO17	CSEGs	115290
FBXO28	CSEGs	23219
FBXO8	CSEGs	26269
FCF1	CEGs	51077
FCRLA	CSEGs	84824
FERMT3	CSEGs	83706
FETUB	CSEGs	26998
FGD2	CSEGs	221472
FGF10	CSEGs	2255
FGF12	CSEGs	2257
FGF21	CSEGs	26291
FGF22	CSEGs	27006
FGFBP3	CSEGs	143282
FGFR4	CSEGs	2264
FGGY	CSEGs	55277
FGL1	CSEGs	2267
FIG4	CSEGs	9896
FIGN	CSEGs	55137
FJX1	CSEGs	24147
FKBP4	CSEGs	2288
FKBPL	CSEGs	63943
FKTN	CSEGs	2218
FLAD1	CSEGs	80308
FLRT1	CSEGs	23769
FLVCR2	CSEGs	55640
FLYWCH1	CSEGs	84256
FMNL1	CSEGs	752
FMNL2	CSEGs	114793
FMO2	CSEGs	2327
FMO9P	CSEGs	116123
FMR1	CSEGs	2332
FNDC3B	CSEGs	64778
FNDC7	CSEGs	163479
FNIP1	CSEGs	96459
FOPNL	CSEGs	123811
FOXA1	CEGs	3169
FOXA2	CSEGs	3170
FOXC2	CSEGs	2303
FOXD4	CSEGs	2298
FOXL2	CSEGs	668
FOXN4	CSEGs	121643
FOXR1	CSEGs	283150
FPR1	CSEGs	2357
FRMD7	CSEGs	90167
FSD1	CSEGs	79187
FSD1L	CSEGs	83856
FSHR	CSEGs	2492
FST	CSEGs	10468
FTH1P3	CSEGs	2498
FTL	CSEGs	2512
FUT6	CSEGs	2528
FXYD5	CSEGs	53827
FZD5	CSEGs	7855
FZD6	CSEGs	8323
FZD7	CSEGs	8324
FZD9	CSEGs	8326
GAB4	CSEGs	128954
GABRA3	CSEGs	2556
GABRA4	CSEGs	2557
GABRA5	CSEGs	2558
GABRB3	CSEGs	2562
GADD45G	CSEGs	10912
GADD45GIP1	CSEGs	90480
GALNT12	CSEGs	79695
GALNT14	CSEGs	79623
GALNT15	CSEGs	117248
GALNT18	CSEGs	374378
GALNTL5	CSEGs	168391
GALR1	CSEGs	2587
GALR3	CSEGs	8484
GAPT	CSEGs	202309
GAPVD1	CSEGs	26130
GBA3	CSEGs	57733
GBE1	CSEGs	2632
GBF1	CEGs	8729
GC	CSEGs	2638
GCA	CSEGs	25801
GCAT	CSEGs	23464
GCGR	CSEGs	2642
GCH1	CSEGs	2643
GCLM	CSEGs	2730
GCM1	CSEGs	8521
GCOM1	CSEGs	145781
GCSAML	CSEGs	148823
GEMIN5	CEGs	25929
GGA3	CSEGs	23163
GGNBP2	CSEGs	79893
GGPS1	CEGs	9453
GHITM	CSEGs	27069
GID8	CSEGs	54994
GIGYF2	CSEGs	26058
GIMAP2	CSEGs	26157
GIN1	CSEGs	54826
GINS1	CEGs	9837
GINS2	CEGs	51659
GINS3	CEGs	64785
GINS4	CEGs	84296
GIPC3	CSEGs	126326
GJA10	CSEGs	84694
GJC3	CSEGs	349149
GJD3	CSEGs	125111
GJD4	CSEGs	219770
GKN2	CSEGs	200504
GLI1	CSEGs	2735
GLI2	CSEGs	2736
GLIPR1L2	CSEGs	144321
GLIPR2	CSEGs	152007
GLIS1	CSEGs	148979
GLOD5	CSEGs	392465
GLS2	CSEGs	27165
GLT8D1	CSEGs	55830
GLTP	CSEGs	51228
GMDS	CSEGs	2762
GNA12	CSEGs	2768
GNAI1	CSEGs	2770
GNAQ	CSEGs	2776
GNE	CSEGs	10020
GNG4	CSEGs	2786
GNL3	CEGs	26354
GNLY	CSEGs	10578
GNMT	CSEGs	27232
GNPNAT1	CSEGs
GNPTG	CSEGs	84572
GNRH1	CSEGs	2796
GOLPH3	CSEGs	64083
GOLT1A	CSEGs	127845
GOT1	CSEGs	2805
GPATCH4	CSEGs	54865
GPC2	CSEGs	221914
GPD1L	CSEGs	23171
GPKOW	CEGs	27238
GPN1	CEGs	11321
GPN2	CEGs	54707
GPR108	CSEGs	56927
GPR132	CSEGs	29933
GPR135	CSEGs	64582
GPR152	CSEGs	390212
GPR161	CSEGs	23432
GPR174	CSEGs	84636
GPR179	CSEGs	440435
GPR180	CSEGs	160897
GPR183	CSEGs	1880
GPR22	CSEGs	2845
GPR25	CSEGs	2848
GPR39	CSEGs	2863
GPR50	CSEGs	9248
GPX2	CSEGs	2877
GRB7	CSEGs	2886
GRIK5	CSEGs	2901
GRK5	CSEGs	2869
GRPEL1	CEGs	80273
GSDMB	CSEGs	55876
GSDMC	CSEGs	56169
GSPT2	CSEGs	23708
GSTA1	CSEGs	2938
GSTA2	CSEGs	2939
GSTCD	CSEGs	79807
GSTM2	CSEGs	2946
GTF2A1	CEGs	2957
GTF2B	CEGs	2959
GTF2E1	CEGs	2960
GTF2H1	CEGs	2965
GTF3C1	CEGs	2975
GTPBP4	CEGs	23560
GTPBP8	CSEGs	29083
GUCA1C	CSEGs	9626
GUCD1	CSEGs	83606
GULP1	CSEGs	51454
GZF1	CSEGs	64412
H1FOO	CSEGs	132243
H2AFB3	CSEGs	83740
H2AFY	CSEGs	9555
H2AFY2	CSEGs	55506
HADH	CSEGs	3033
HAL	CSEGs	3034
HAP1	CSEGs	9001
HAUS1	CEGs	115106
HAUS3	CEGs	79441
HAUS4	CEGs	54930
HAUS5	CEGs	23354
HAUS6	CEGs	54801
HAUS7	CEGs	55559
HBA1	CSEGs	3039
HBA2	CSEGs	3040
HBE1	CSEGs	3046
HCAR1	CSEGs	27198
HCFC1	CEGs	3054
HCFC1R1	CSEGs	54985
HCG27	CSEGs	253018
HCN4	CSEGs	10021
HDAC5	CSEGs	10014
HDAC6	CSEGs	10013
HDAC7	CSEGs	51564
HEATR1	CEGs	55127
HECW1	CSEGs	23072
HELT	CSEGs	391723
HEMGN	CSEGs	55363
HES6	CSEGs	55502
HEXB	CSEGs	3074
HGF	CSEGs	3082
HIBCH	CSEGs	26275
HIF3A	CSEGs	64344
HIST1H2AJ	CEGs	8331
HIST1H2BB	CEGs	3018
HIST1H2BC	CEGs	8347
HIST1H2BE	CEGs	8344
HIST1H2BF	CEGs	8343
HIST1H2BH	CEGs	8345
HIST1H2BM	CSEGs	8342
HIST1H2BO	CSEGs	8348
HIST1H3A	CSEGs	8350
HIST1H3B	CSEGs	8358
HIST1H4I	CSEGs	8294
HIST2H2BA	CSEGs	337875
HJURP	CEGs	55355
HK1	CSEGs	3098
HMCES	CSEGs	56941
HMCN2	CSEGs	256158
HMGB3	CSEGs	3149
HMGB4	CSEGs	127540
HMGCS1	CEGs	3157
HMGN4	CSEGs	10473
HNF1B	CEGs	6928
HNRNPC	CEGs	3183
HNRNPCL1	CSEGs	343069
HNRNPK	CEGs	3190
HNRNPL	CEGs	3191
HNRNPUL1	CSEGs	11100
HORMAD2	CSEGs	150280
HOXB9	CSEGs	3219
HOXD9	CSEGs	3235
HPCA	CSEGs	3208
HS2ST1	CSEGs	9653
HSD17B4	CSEGs	3295
HSD17B7P2	CSEGs	158160
HSF5	CSEGs	124535
HSPA9	CEGs	3313
HSPE1	CEGs	3336
HYLS1	CSEGs	219844
ICAM2	CSEGs	3384
ICOS	CSEGs	29851
ID1	CSEGs	3397
ID3	CSEGs	3399
IER3	CSEGs	8870
IFI30	CSEGs	10437
IFI44L	CSEGs	10964
IFNAR1	CSEGs	3454
IFNE	CSEGs	338376
IFNL3	CSEGs	282617
IFRD1	CSEGs	3475
IFRD2	CSEGs	7866
IFT46	CSEGs	56912
IFT52	CSEGs	51098
IFT57	CSEGs	55081
IFT74	CSEGs	80173
IGBP1	CEGs	3476
IGF1R	CEGs	3480
IGF2BP2	CSEGs	10644
IGFBP4	CSEGs	3487
IGFBP7	CSEGs	3490
IGFN1	CSEGs	91156
IGHMBP2	CSEGs	3508
IGIP	CSEGs	492311
IGSF9	CSEGs	57549
IL17A	CSEGs	3605
IL1F10	CSEGs	84639
IL32	CSEGs	9235
IL4R	CSEGs	3566
ILDR1	CSEGs	286676
ILDR2	CSEGs	387597
IMMP1L	CSEGs	196294
IMP3	CEGs	55272
INCENP	CEGs	3619
INHBB	CSEGs	3625
INSL5	CSEGs	10022
INSM1	CSEGs	3642
INSR	CSEGs	3643
INTS2	CEGs	57508
INTS4	CEGs	92105
INTS9	CEGs	55756
IP6K3	CSEGs	117283
IPCEF1	CSEGs	26034
IPO13	CEGs	9670
IRF1	CSEGs	3659
IRF2BP1	CSEGs	26145
IRS4	CSEGs	8471
IRX5	CSEGs	10265
ISCU	CEGs	23479
ISG20L2	CEGs	81875
ISL2	CSEGs	64843
ITGA9	CSEGs	3680
ITGAV	CEGs	3685
ITGB3BP	CSEGs	23421
ITSN1	CSEGs	6453
ITSN2	CSEGs	50618
JAK3	CSEGs	3718
JAM3	CSEGs	83700
JARID2	CSEGs	3720
JPH3	CSEGs	57338
JUND	CSEGs	3727
KANSL2	CEGs	54934
KAT6B	CSEGs	23522
KAT8	CEGs	84148
KAZN	CSEGs	23254
KBTBD8	CSEGs	84541
KCNA10	CSEGs	3744
KCNA7	CSEGs	3743
KCNE1	CSEGs	3753
KCNE3	CSEGs	10008
KCNF1	CSEGs	3754
KCNH7	CSEGs	90134
KCNIP2	CSEGs	30819
KCNJ15	CSEGs	3772
KCNK15	CSEGs	60598
KCNK16	CSEGs	83795
KCNK2	CSEGs	3776
KCTD6	CSEGs	200845
KDM5A	CSEGs	5927
KDM6A	CSEGs	7403
KIAA0232	CSEGs	9778
KIAA0408	CSEGs	9729
KIAA1522	CSEGs	57648
KIAA1614	CSEGs	57710
KIAA1841	CSEGs	84542
KIAA2026	CSEGs	158358
KIF11	CEGs	3832
KIF15	CSEGs	56992
KIF1B	CSEGs	23095
KIF21A	CSEGs	55605
KIF23	CEGs	9493
KIF27	CSEGs	55582
KIF3C	CSEGs	3797
KIF5B	CSEGs	3799
KIN	CEGs	22944
KLF10	CSEGs	7071
KLF12	CSEGs	11278
KLF6	CSEGs	1316
KLHL31	CSEGs	401265
KLHL41	CSEGs	10324
KLK14	CSEGs	43847
KLK15	CSEGs	55554
KLK6	CSEGs	5653
KLRC2	CSEGs	3822
KPNA1	CSEGs	3836
KPNB1	CEGs	3837
KPTN	CSEGs	11133
KREMEN1	CSEGs
KRIT1	CSEGs	889
KRT18	CSEGs	3875
KRT222	CSEGs	125113
KRT74	CSEGs	121391
KSR1	CSEGs	8844
KTN1	CSEGs
KXD1	CSEGs	79036
L3MBTL2	CSEGs	83746
LAD1	CSEGs	3898
LAMA2	CSEGs	3908
LAMB4	CSEGs	22798
LAMP3	CSEGs	27074
LAMTOR4	CSEGs	389541
LAS1L	CEGs	81887
LCE1A	CEGs	353131
LCE1E	CEGs	353135
LCE1F	CEGs	353137
LCNL1	CSEGs	401562
LCP1	CSEGs	3936
LDB2	CSEGs	9079
LDHD	CSEGs	197257
LDLRAP1	CSEGs	26119
LDOC1	CSEGs	23641
LELP1	CSEGs	149018
LFNG	CSEGs	3955
LGALS4	CSEGs	3960
LHX2	CSEGs	9355
LILRB2	CSEGs
LIN28A	CSEGs	79727
LIN52	CEGs	91750
LIN7B	CSEGs	64130
LIN7C	CSEGs	55327
LINC00173	CSEGs	100287569
LINC00311	CSEGs	197196
LINC00909	CSEGs	400657
LMO2	CSEGs	4005
LMX1A	CSEGs	4009
LONP2	CSEGs	83752
LPAR5	CSEGs	57121
LPCAT3	CSEGs	10162
LPIN1	CSEGs	23175
LPO	CSEGs	4025
LRIG3	CSEGs	121227
LRP6	CSEGs	4040
LRPAP1	CSEGs	4043
LRRC1	CSEGs	55227
LRRC15	CSEGs	131578
LRRC29	CSEGs	26231
LRRC59	CSEGs	55379
LRRC6	CSEGs	23639
LRRC72	CSEGs	100506049
LRRK2	CSEGs	120892
LRTM1	CSEGs	57408
LSM2	CEGs	57819
LSM3	CEGs	27258
LSM4	CEGs	25804
LSM5	CEGs
LSM6	CEGs	11157
LSM7	CEGs	51690
LSMEM1	CSEGs	286006
LST1	CSEGs	7940
LTA4H	CSEGs	4048
LTBP3	CSEGs	4054
LTV1	CEGs	84946
LUC7L3	CEGs	51747
LY6G6C	CSEGs	80740
LYPD6B	CSEGs	130576
LYRM2	CSEGs	57226
LYRM4	CEGs	57128
LYZL2	CSEGs	119180
M6PR	CSEGs	4074
MAD1L1	CSEGs	8379
MAD2L1	CEGs	4085
MAFB	CSEGs	9935
MAGEA1	CSEGs	4100
MAGEA12	CSEGs	4111
MAGEA2B	CSEGs	266740
MAGEB1	CSEGs	4112
MAGEB3	CSEGs	4114
MAGEC2	CSEGs	51438
MAGEH1	CSEGs	28986
MAGI2	CSEGs	9863
MAGI3	CSEGs	260425
MAGIX	CSEGs	79917
MAK16	CEGs	84549
MAN2A1	CSEGs	4124
MAN2B1	CSEGs	4125
MANSC1	CSEGs	54682
MAP1LC3C	CSEGs	440738
MAP2K5	CSEGs	5607
MAP2K6	CSEGs	5608
MAP3K9	CSEGs	4293
MAPK14	CSEGs	1432
MAPK1IP1L	CSEGs	93487
MAPK4	CSEGs	5596
MAPK6	CSEGs	5597
MAPK7	CSEGs	5598
MAPK9	CSEGs	5601
MAPKAP1	CSEGs	79109
MAPKAPK5	CSEGs	8550
MARC2	CSEGs	54996
MARK4	CSEGs	57787
MAST4	CSEGs	375449
MASTL	CEGs	84930
MAT2A	CEGs	4144
MATN2	CSEGs	4147
MAZ	CSEGs	4150
MBNL2	CSEGs	10150
MBNL3	CSEGs	55796
MC5R	CSEGs	4161
MCAT	CSEGs	27349
MCM2	CEGs	4171
MCM3AP	CEGs	8888
MCM5	CEGs	4174
MCM6	CEGs	4175
MCM7	CEGs	4176
MCOLN3	CSEGs	55283
MCTP2	CSEGs	55784
MDFIC	CSEGs	29969
MDGA1	CSEGs	266727
MDH2	CSEGs	4191
MDN1	CEGs	23195
ME1	CSEGs	4199
MED11	CEGs	400569
MED20	CEGs	9477
MED22	CEGs	6837
MED27	CEGs	9442
MED28	CEGs	80306
MED30	CEGs	90390
MED31	CEGs	51003
MED4	CEGs	29079
MED6	CEGs	10001
MEF2C	CSEGs	4208
MEPCE	CEGs	56257
MESP2	CSEGs	145873
METTL1	CSEGs	4234
METTL2A	CSEGs	339175
METTL2B	CSEGs	55798
METTL5	CSEGs	29081
METTL7A	CSEGs	25840
METTL9	CSEGs	51108
MFAP1	CEGs	4236
MFSD12	CSEGs	126321
MFSD5	CSEGs	84975
MGAM	CSEGs	8972
MGAT1	CSEGs	4245
MGAT5	CSEGs	4249
MIB2	CSEGs	142678
MICA	CSEGs	100507436
MICAL3	CSEGs	57553
MIEF1	CSEGs	54471
MIEN1	CSEGs	84299
MIER2	CSEGs	54531
MIF	CSEGs	4282
MKI67	CSEGs	4288
MKNK1	CSEGs	8569
MKRN3	CSEGs	7681
MKRN9P	CSEGs	400058
MLKL	CSEGs	197259
MMP12	CSEGs	4321
MMP28	CSEGs	79148
MMRN1	CSEGs	22915
MMS22L	CEGs	253714
MNDA	CSEGs	4332
MOB1B	CSEGs	92597
MON2	CSEGs	23041
MORN1	CSEGs	79906
MOV10L1	CSEGs	54456
MPDZ	CSEGs	8777
MPHOSPH10	CEGs	10199
MPLKIP	CSEGs	136647
MPP5	CSEGs	64398
MPP7	CSEGs	143098
MRGPRX4	CSEGs	117196
MROH6	CSEGs	642475
MRPL14	CSEGs	64928
MRPL33	CSEGs	9553
MRPL52	CSEGs	122704
MRPS18B	CSEGs	28973
MRRF	CSEGs	92399
MRS2	CSEGs	57380
MS4A6A	CSEGs	64231
MSANTD4	CSEGs	84437
MSC	CSEGs	9242
MSH2	CSEGs	4436
MSI1	CSEGs	4440
MSMO1	CSEGs	6307
MST1R	CSEGs	4486
MSX1	CSEGs	4487
MT1HL1	CSEGs	645745
MT1M	CSEGs	4499
MTBP	CEGs	27085
MTFP1	CSEGs	51537
MTFR1	CSEGs	9650
MTHFD2L	CSEGs	441024
MTHFR	CSEGs	4524
MTMR10	CSEGs	54893
MTMR12	CSEGs	54545
MTMR6	CSEGs	9107
MVP	CSEGs	9961
MXI1	CSEGs	4601
MYADM	CSEGs	91663
MYADML2	CSEGs	255275
MYCL	CSEGs	4610
MYF6	CSEGs	4618
MYH10	CSEGs	4628
MYLIP	CSEGs	29116
MYO18B	CSEGs	84700
MYO1D	CSEGs	4642
MYO5C	CSEGs	55930
MYOD1	CSEGs	4654
MYSM1	CSEGs	114803
MZB1	CSEGs	51237
MZT1	CEGs	440145
NAA16	CSEGs	79612
NAA38	CEGs	84316
NAA50	CEGs	80218
NACC2	CSEGs	138151
NALCN	CSEGs	259232
NAP1L4	CSEGs	4676
NAPA	CEGs	8775
NAPSB	CSEGs	256236
NAT2	CSEGs	10
NCAPG	CEGs	64151
NCBP1	CEGs	4686
NCBP2	CEGs	22916
NCDN	CSEGs	23154
NCKAP1L	CSEGs	3071
NCOA3	CSEGs	8202
NDC80	CEGs	10403
NDN	CSEGs	4692
NDRG3	CSEGs	57446
NDST3	CSEGs	9348
NDUFAF5	CSEGs	79133
NDUFAF6	CSEGs	137682
NDUFV2	CSEGs	4729
NEDD1	CEGs	121441
NEDD4L	CSEGs	23327
NEDD8	CEGs	4738
NEFL	CSEGs	4747
NEK2	CSEGs	4751
NEK3	CSEGs	4752
NEK9	CSEGs	91754
NELL1	CSEGs	4745
NEO1	CSEGs	4756
NETO1	CSEGs	81832
NFKB2	CSEGs	4791
NFKBIB	CSEGs	4793
NHLRC1	CSEGs	378884
NHLRC3	CSEGs	387921
NID1	CSEGs	4811
NIP7	CEGs	51388
NKAP	CEGs	79576
NKD2	CSEGs	85409
NLRP12	CSEGs	91662
NMD3	CEGs	51068
NME3	CSEGs	4832
NME4	CSEGs	4833
NME6	CSEGs	10201
NME9	CSEGs	347736
NNAT	CSEGs	4826
NOL9	CEGs	79707
NOMO2	CSEGs	283820
NOP16	CEGs	51491
NOP58	CEGs	51602
NOS2	CSEGs	4843
NOTCH3	CSEGs	4854
NOTCH4	CSEGs	4855
NOXA1	CSEGs	10811
NOXO1	CSEGs
NPBWR1	CSEGs	2831
NPIPA5	CEGs	100288332
NPLOC4	CEGs	55666
NPPC	CSEGs	4880
NPS	CSEGs	594857
NPSR1	CSEGs	387129
NPY1R	CSEGs	4886
NR1D1	CSEGs	9572
NR1H2	CSEGs	7376
NR1I2	CSEGs	8856
NRDE2	CEGs	55051
NREP	CSEGs	9315
NRF1	CEGs	4899
NRG4	CSEGs	145957
NRL	CSEGs	4901
NRN1	CSEGs	51299
NRSN2	CSEGs	80023
NSA2	CEGs	10412
NSF	CEGs	4905
NSL1	CEGs	25936
NSRP1	CSEGs	84081
NT5C	CSEGs	30833
NT5C2	CSEGs	22978
NT5DC1	CSEGs	221294
NTAN1	CSEGs	123803
NUAK1	CSEGs	9891
NUB1	CSEGs	51667
NUBP1	CEGs	4682
NUDT14	CSEGs	256281
NUDT21	CEGs	11051
NUF2	CEGs	83540
NUFIP2	CSEGs	57532
NUP133	CEGs	55746
NUP155	CEGs	9631
NUP160	CEGs	23279
NUP214	CEGs	8021
NUP37	CSEGs	79023
NUP62CL	CSEGs	54830
NUP88	CEGs	4927
NUS1	CEGs	116150
NUTF2	CEGs	10204
NUTM1	CSEGs	256646
NUTM2G	CSEGs	441457
OAS2	CSEGs	4939
OBP2B	CSEGs	29989
OCSTAMP	CSEGs	128506
ODAM	CSEGs	54959
OGT	CEGs	8473
OPN1SW	CSEGs	611
OPRK1	CSEGs	4986
OPRL1	CSEGs	4987
OR10X1	CSEGs	128367
OR12D2	CSEGs	26529
OR13D1	CSEGs	286365
OR1B1	CSEGs	347169
OR1D4	CSEGs	653166
OR1D5	CSEGs	8386
OR2D3	CSEGs	120775
OR2T29	CSEGs	343563
OR2T35	CSEGs	403244
OR52L1	CSEGs	338751
OR52M1	CSEGs	119772
OR5C1	CSEGs	392391
OR5P2	CSEGs	120065
OR6W1P	CSEGs	89883
ORC1	CEGs	4998
ORC6	CEGs	23594
OSBPL11	CSEGs	114885
OSBPL5	CSEGs	114879
OSCAR	CSEGs	126014
OTOR	CSEGs	56914
OTUB2	CSEGs	78990
OTUD5	CSEGs	55593
OTUD6B	CSEGs	51633
OVOL1	CSEGs	5017
OXSR1	CSEGs	9943
P2RY13	CSEGs	53829
P2RY14	CSEGs	9934
PAAF1	CSEGs	80227
PABPC4	CSEGs	8761
PACRGL	CSEGs	133015
PACS1	CSEGs	55690
PAFAH1B1	CEGs	5048
PAFAH1B3	CSEGs	5050
PAGE5	CSEGs	90737
PALM	CSEGs	5064
PALM3	CSEGs	342979
PALMD	CSEGs	54873
PAM16	CEGs	51025
PAN3	CSEGs	255967
PANK1	CSEGs	53354
PANX3	CSEGs	116337
PAPLN	CSEGs	89932
PAPSS1	CSEGs	9061
PARP4	CSEGs	143
PARVA	CSEGs	55742
PARVG	CSEGs	64098
PBX2	CSEGs	5089
PCBD1	CSEGs	5092
PCDH1	CSEGs	5097
PCDH11X	CSEGs	27328
PCDHA10	CSEGs	56139
PCDHA12	CSEGs	56137
PCDHA9	CSEGs	9752
PCDHB14	CSEGs	56122
PCDHB2	CSEGs	56133
PCDHB5	CSEGs	26167
PCDHGA4	CSEGs	56111
PCDHGB2	CSEGs	56103
PCID2	CEGs	55795
PCK2	CSEGs	5106
PCMTD2	CSEGs	55251
PCNA	CEGs	5111
PCSK6	CSEGs	5046
PCYT1B	CSEGs	9468
PDCD11	CEGs	22984
PDCD7	CEGs	10081
PDE11A	CSEGs	50940
PDE12	CSEGs	201626
PDE1A	CSEGs
PDE4C	CSEGs	5143
PDE4D	CSEGs	5144
PDGFC	CSEGs	56034
PDHA1	CSEGs	5160
PDHA2	CSEGs	5161
PDIA5	CSEGs	10954
PDXP	CSEGs	57026
PDZK1	CSEGs	5174
PEF1	CSEGs	553115
PES1	CEGs	23481
PEX19	CSEGs	5824
PFDN2	CEGs	5202
PFDN6	CEGs	10471
PGBD4	CSEGs	161779
PGBD5	CSEGs	79605
PGLYRP2	CSEGs	114770
PHAX	CEGs	51808
PHB	CEGs	5245
PHB2	CEGs	11331
PHC3	CSEGs	80012
PHF20	CSEGs	51230
PHF5A	CEGs	84844
PHLPP1	CSEGs	23239
PHOSPHO1	CSEGs	162466
PHPT1	CSEGs	29085
PHRF1	CSEGs	57661
PI4K2B	CSEGs	55300
PIAS2	CSEGs	9063
PIGB	CSEGs	9488
PIGP	CSEGs	51227
PIGS	CSEGs	94005
PIK3AP1	CSEGs	118788
PIK3C2A	CSEGs	5286
PIK3C2B	CSEGs	5287
PIK3C2G	CSEGs	5288
PIK3R2	CSEGs	5296
PIKFYVE	CSEGs	200576
PILRB	CSEGs	29990
PIM1	CSEGs	5292
PIM2	CSEGs	11040
PIN1P1	CSEGs	5301
PINK1	CSEGs	65018
PIP4K2C	CSEGs	79837
PIPOX	CSEGs	51268
PISD	CEGs	23761
PKMYT1	CEGs	9088
PKNOX1	CSEGs	5316
PKNOX2	CSEGs	63876
PKP2	CSEGs	5318
PLA2G12A	CSEGs	81579
PLA2G15	CSEGs	23659
PLA2G2F	CSEGs	64600
PLA2G4B	CSEGs	100137049
PLA2G4C	CSEGs	8605
PLA2G4E	CSEGs	123745
PLAC9	CSEGs	219348
PLAGL2	CSEGs	5326
PLCB1	CSEGs	23236
PLCE1	CSEGs	51196
PLCXD1	CSEGs	55344
PLEKHA5	CSEGs	54477
PLEKHG2	CSEGs	64857
PLEKHG4	CSEGs	25894
PLEKHG4B	CSEGs	153478
PLG	CSEGs	5340
PLGLB1	CSEGs	5343
PLIN1	CSEGs	5346
PLK1	CEGs	5347
PLK4	CEGs	10733
PLLP	CSEGs	51090
PLP2	CSEGs	5355
PLS1	CSEGs	5357
PLTP	CSEGs	5360
PLXNA3	CSEGs	55558
PLXNB3	CSEGs	5365
PM20D1	CSEGs	148811
PMAIP1	CSEGs	5366
PMPCB	CEGs	9512
PMS2	CSEGs	5395
PMS2CL	CSEGs	441194
PNMA1	CSEGs	9240
PNPLA2	CSEGs	57104
PNPLA5	CSEGs	150379
POGZ	CSEGs	23126
POLA2	CEGs	23649
POLD1	CEGs	5424
POLD3	CEGs	10714
POLH	CSEGs	5429
POLR1B	CEGs	84172
POLR1C	CEGs	9533
POLR2A	CEGs	5430
POLR2B	CEGs	5431
POLR2C	CEGs	5432
POLR2D	CEGs	5433
POLR2E	CEGs	5434
POLR2F	CEGs	5435
POLR2G	CEGs	5436
POLR2H	CEGs	5437
POLR2I	CEGs	5438
POLR2K	CEGs	5440
POLR2L	CEGs	5441
POLR3A	CEGs	11128
POLR3B	CEGs	55703
POLR3C	CEGs	10623
POLR3E	CEGs	55718
POLR3F	CEGs	10621
POM121L12	CSEGs	285877
POP4	CEGs	10775
POP7	CEGs	10248
POSTN	CSEGs	10631
POTED	CSEGs	317754
POU2F3	CSEGs	25833
POU4F1	CSEGs	5457
POU4F3	CSEGs	5459
PPARG	CSEGs	5468
PPARGC1A	CSEGs	10891
PPIAP30	CSEGs	100192204
PPID	CSEGs	5481
PPIL2	CEGs	23759
PPIL4	CEGs	85313
PPM1L	CSEGs	151742
PPP1R12B	CSEGs	4660
PPP1R15A	CSEGs	23645
PPP1R35	CSEGs	221908
PPP1R3A	CSEGs	5506
PPP1R3E	CSEGs	90673
PPP1R42	CSEGs	286187
PPP2R3A	CSEGs	5523
PPP2R5C	CSEGs	5527
PPP2R5E	CSEGs	5529
PPP5D1	CSEGs	100506012
PPT1	CSEGs	5538
PRAME	CSEGs	23532
PRAMEF1	CSEGs	65121
PRAMEF10	CSEGs	343071
PRC1	CEGs	9055
PRDM7	CSEGs	11105
PRELID1	CEGs	27166
PREX1	CSEGs	57580
PRG3	CSEGs	10394
PRG4	CSEGs	10216
PRIM1	CEGs	5557
PRIM2	CSEGs	5558
PRKAA2	CSEGs	5563
PRKACB	CSEGs	5567
PRKAR2A	CSEGs	5576
PRKCE	CSEGs	5581
PRKCH	CSEGs	5583
PRKG1	CSEGs	5592
PRNP	CSEGs	5621
PRODH	CSEGs	5625
PRODH2	CSEGs	58510
PROM2	CSEGs	150696
PRPF19	CEGs	27339
PRPF31	CEGs	26121
PRPF38A	CEGs	84950
PRPF38B	CEGs	55119
PRPF40A	CEGs	55660
PRPF6	CEGs	24148
PRPF8	CEGs	10594
PRR14L	CSEGs	253143
PRR19	CSEGs	284338
PRSS30P	CSEGs	124221
PRSS48	CSEGs	345062
PRSS57	CSEGs	400668
PSG1	CSEGs
PSG3	CSEGs	5671
PSMA1	CEGs	5682
PSMA2	CEGs	5683
PSMA3	CEGs	5684
PSMA4	CEGs	5685
PSMA5	CEGs	5686
PSMA6	CEGs	5687
PSMA7	CEGs	5688
PSMB2	CEGs	5690
PSMB3	CEGs	5691
PSMB4	CEGs	5692
PSMB5	CEGs	5693
PSMB6	CEGs	5694
PSMB7	CEGs	5695
PSMC1	CEGs	5700
PSMC2	CEGs	5701
PSMC3	CEGs	5702
PSMC6	CEGs	5706
PSMD11	CEGs	5717
PSMD12	CEGs	5718
PSMD14	CEGs	10213
PSMD3	CEGs	5709
PSMD6	CEGs	9861
PSMG4	CEGs	389362
PSPC1	CSEGs	55269
PTCHD3	CSEGs	374308
PTGR1	CSEGs	22949
PTH2	CSEGs	113091
PTH2R	CSEGs	5746
PTPN2	CSEGs	5771
PTPRD	CSEGs	5789
PTPRH	CSEGs	5794
PTPRN	CSEGs	5798
PTTG2	CSEGs	10744
PUF60	CEGs	22827
PUS7	CSEGs	54517
PUSL1	CSEGs	126789
PWP2	CEGs	5822
PYGO1	CSEGs	26108
PYY	CSEGs	5697
QKI	CSEGs	9444
R3HDM1	CSEGs	23518
RAB13	CSEGs	5872
RAB24	CSEGs	53917
RAB2A	CSEGs	5862
RAB3A	CSEGs	5864
RAB3B	CSEGs	5865
RAB3C	CSEGs	115827
RAB41	CSEGs	347517
RAB6C	CSEGs	84084
RAB9A	CSEGs	9367
RABAC1	CSEGs	10567
RABEP2	CSEGs	79874
RABGGTB	CEGs	5876
RAC2	CSEGs	5880
RACGAP1	CEGs	29127
RAD18	CSEGs	56852
RAD21L1	CSEGs	642636
RAD54B	CSEGs	25788
RAD54L2	CSEGs	23132
RAE1	CEGs	8480
RAET1E	CSEGs	135250
RALGAPA1	CSEGs	253959
RALGPS2	CSEGs	55103
RAMP2	CSEGs	10266
RAN	CEGs	5901
RANGAP1	CEGs	5905
RAP1GDS1	CSEGs	5910
RAPGEFL1	CSEGs	51195
RASAL3	CSEGs	64926
RASD2	CSEGs	23551
RASSF2	CSEGs	9770
RASSF5	CSEGs	83593
RASSF6	CSEGs	166824
RASSF9	CSEGs	9182
RBAK	CSEGs	57786
RBBP4	CEGs	5928
RBBP6	CEGs	5930
RBBP9	CSEGs	10741
RBL1	CSEGs	5933
RBM17	CEGs	84991
RBM25	CEGs	58517
RBM27	CSEGs	54439
RBMS3	CSEGs	27303
RBMX	CEGs	27316
RBP2	CSEGs	5948
RBX1	CEGs	9978
RCC1	CEGs	1104
RCN3	CSEGs	57333
RDH8	CSEGs	50700
REEP4	CSEGs	80346
REM2	CSEGs	161253
REP15	CSEGs	387849
RESP18	CSEGs	389075
REV1	CSEGs	51455
REXO4	CSEGs	57109
RFC2	CEGs	5982
RFC4	CEGs	5984
RFC5	CEGs	5985
RFT1	CEGs	91869
RFX5	CSEGs	5993
RFX7	CSEGs	64864
RFXAP	CSEGs	5994
RGPD6	CEGs	729540
RGS1	CSEGs	5996
RGS9BP	CSEGs	388531
RHCE	CSEGs	6006
RHOBTB3	CSEGs	22836
RHOH	CSEGs	399
RHOT1	CSEGs	55288
RHPN1	CSEGs	114822
RIC8A	CSEGs	60626
RIMBP2	CSEGs	23504
RIMS3	CSEGs	9783
RINT1	CEGs	60561
RIOK3	CSEGs	8780
RIT2	CSEGs	6014
RNASE8	CSEGs	122665
RNF112	CSEGs	7732
RNF113A	CEGs	7737
RNF13	CSEGs	11342
RNF157	CSEGs	114804
RNF207	CSEGs	388591
RNF208	CSEGs	727800
RNF216	CSEGs	54476
RNF31	CSEGs	55072
RNF7	CSEGs	9616
RNGTT	CEGs	8732
RNPEPL1	CSEGs	57140
RORB	CSEGs	6096
RP9	CSEGs	6100
RPA1	CEGs	6117
RPA2	CEGs	6118
RPA3	CEGs	6119
RPAP1	CEGs	26015
RPF2	CEGs	84154
RPL10A	CEGs	4736
RPL11	CEGs	6135
RPL12	CEGs	6136
RPL13	CEGs	6137
RPL13A	CEGs	23521
RPL14	CEGs	9045
RPL15	CEGs	6138
RPL17	CEGs	6139
RPL18	CEGs	6141
RPL18A	CEGs	6142
RPL19	CEGs	6143
RPL21	CEGs	6144
RPL23	CEGs	9349
RPL23A	CEGs	6147
RPL24	CEGs	6152
RPL26	CEGs	6154
RPL27	CEGs	6155
RPL27A	CEGs	6157
RPL3	CEGs	6122
RPL30	CEGs	6156
RPL31	CEGs	6160
RPL32	CEGs	6161
RPL34	CEGs	6164
RPL35	CEGs	11224
RPL35A	CEGs	6165
RPL36	CEGs	25873
RPL36A	CEGs	6173
RPL37A	CEGs	6168
RPL38	CEGs	6169
RPL4	CEGs	6124
RPL41	CSEGs	6171
RPL5	CEGs	6125
RPL6	CEGs	6128
RPL7	CEGs	6129
RPL7L1	CEGs	285855
RPL8	CEGs	6132
RPL9	CSEGs	6133
RPLP0	CEGs	6175
RPLP1	CEGs	6176
RPN2	CEGs	6185
RPS11	CEGs	6205
RPS12	CEGs	6206
RPS13	CEGs	6207
RPS14	CEGs	6208
RPS15	CEGs	6209
RPS15A	CEGs	6210
RPS16	CEGs	6217
RPS18	CEGs	6222
RPS19	CEGs	6223
RPS2	CEGs	6187
RPS20	CEGs	6224
RPS21	CEGs	6227
RPS23	CEGs	6228
RPS24	CEGs	6229
RPS27A	CEGs	6233
RPS28	CEGs	6234
RPS3	CEGs	6188
RPS4X	CEGs	6191
RPS4Y1	CSEGs	6192
RPS5	CEGs	6193
RPS6	CEGs	6194
RPS6KA5	CSEGs	9252
RPS6KA6	CSEGs	27330
RPS7	CEGs	6201
RPS8	CEGs	6202
RPS9	CEGs	6203
RPSA	CEGs	3921
RRM1	CEGs	6240
RRM2	CEGs	6241
RRN3	CEGs	54700
RRN3P1	CSEGs	730092
RRP15	CEGs	51018
RRP9	CEGs	9136
RRS1	CEGs	23212
RSBN1	CSEGs	54665
RSC1A1	CSEGs	6248
RSL1D1	CEGs	26156
RSPH10B	CSEGs	222967
RTN4RL1	CSEGs	146760
RUNX1	CSEGs	861
RUSC2	CSEGs	9853
RUVBL2	CEGs	10856
RXRG	CSEGs	6258
RYR3	CSEGs	6263
S100A16	CSEGs	140576
S100A3	CSEGs	6274
SACM1L	CEGs	22908
SAMD9L	CSEGs	219285
SAMHD1	CSEGs	25939
SAP30BP	CEGs	29115
SART3	CEGs	9733
SBDS	CEGs	51119
SBF1	CSEGs	6305
SCAF1	CSEGs	58506
SCAF4	CSEGs	57466
SCAMP4	CSEGs	113178
SCARF1	CSEGs	8578
SCEL	CSEGs	8796
SCFD1	CEGs	23256
SCG3	CSEGs	29106
SCGB1A1	CSEGs	7356
SCGB3A2	CSEGs	117156
SCLT1	CSEGs	132320
SCML2	CSEGs	10389
SCN1A	CSEGs	6323
SCN2A	CSEGs	6326
SCN4A	CSEGs	6329
SCO1	CSEGs	6341
SDAD1	CEGs	55153
SDE2	CEGs	163859
SDHAF1	CSEGs	644096
SDHAF2	CSEGs	54949
SDR9C7	CSEGs	121214
SEC11C	CSEGs	90701
SEC13	CEGs	6396
SEC14L2	CSEGs	23541
SEC61A1	CEGs	29927
SEC61G	CEGs	23480
SELE	CSEGs	6401
SELP	CSEGs	6403
SEMA3B	CSEGs	7869
SEMA3D	CSEGs	223117
SEMA4D	CSEGs	10507
SEMA4G	CSEGs	57715
SEMA6C	CSEGs	10500
SERF2	CSEGs	10169
SERP2	CSEGs	387923
SERPINB10	CSEGs	5273
SERPINB13	CSEGs	5275
SERPIND1	CSEGs	3053
SERPINE2	CSEGs	5270
SERPINF2	CSEGs	5345
SERPING1	CSEGs	710
SERPINI2	CSEGs	5276
SESN3	CSEGs	143686
SEZ6L2	CSEGs	26470
SF1	CEGs	7536
SF3A1	CEGs	10291
SF3A2	CEGs	8175
SF3A3	CEGs	10946
SF3B2	CEGs	10992
SF3B3	CEGs	23450
SF3B4	CEGs	10262
SF3B5	CEGs	83443
SFRP4	CSEGs	6424
SFT2D1	CSEGs	113402
SFTPA1	CSEGs	653509
SGCD	CSEGs	6444
SGSH	CSEGs	6448
SGSM3	CSEGs	27352
SH2B3	CSEGs	10019
SH2D4A	CSEGs	63898
SH3BGRL	CSEGs	6451
SH3D21	CSEGs	79729
SH3GLB1	CSEGs	51100
SH3RF1	CSEGs	57630
SHARPIN	CSEGs	81858
SHCBP1	CSEGs	79801
SHE	CSEGs	126669
SHISA9	CSEGs	729993
SIGLEC14	CSEGs	100049587
SIM2	CSEGs	6493
SIPA1L1	CSEGs	26037
SIRPB1	CSEGs	10326
SIRPB2	CSEGs	284759
SLC10A4	CSEGs	201780
SLC12A5	CSEGs	57468
SLC12A7	CSEGs	10723
SLC16A3	CSEGs	9123
SLC17A3	CSEGs	10786
SLC19A2	CSEGs	10560
SLC19A3	CSEGs	80704
SLC1A1	CSEGs	6505
SLC22A14	CSEGs	9389
SLC22A18	CSEGs	5002
SLC24A4	CSEGs	123041
SLC25A12	CSEGs	8604
SLC25A2	CSEGs	83884
SLC25A39	CSEGs	51629
SLC26A11	CSEGs	284129
SLC26A9	CSEGs	115019
SLC28A1	CSEGs	9154
SLC29A2	CSEGs	3177
SLC2A14	CSEGs	144195
SLC2A7	CSEGs	155184
SLC30A2	CSEGs	7780
SLC31A2	CSEGs	1318
SLC34A2	CSEGs	10568
SLC34A3	CSEGs	142680
SLC35A1	CSEGs	10559
SLC35B1	CEGs	10237
SLC35C1	CSEGs	55343
SLC35D1	CSEGs	23169
SLC35G2	CSEGs	80723
SLC37A3	CSEGs	84255
SLC39A5	CSEGs	283375
SLC39A8	CSEGs	64116
SLC39A9	CSEGs	55334
SLC41A1	CSEGs	254428
SLC43A3	CSEGs	29015
SLC44A1	CSEGs	23446
SLC46A1	CSEGs	113235
SLC46A3	CSEGs	283537
SLC4A5	CSEGs	57835
SLC6A13	CSEGs	6540
SLC6A16	CSEGs	28968
SLC6A17	CSEGs	388662
SLC6A18	CSEGs	348932
SLC7A8	CSEGs	23428
SLCO1A2	CSEGs	6579
SLFN5	CSEGs	162394
SLU7	CEGs	10569
SLX4IP	CSEGs	128710
SMAD3	CSEGs	4088
SMARCD2	CSEGs	6603
SMC1A	CEGs	8243
SMC4	CEGs	10051
SMC6	CEGs	79677
SMCP	CSEGs	4184
SMG6	CEGs	23293
SMIM7	CSEGs	79086
SMNDC1	CEGs	10285
SMOX	CSEGs	54498
SMPD3	CSEGs	55512
SMU1	CEGs	55234
SNAPC1	CEGs	6617
SNAPC3	CEGs	6619
SNAPIN	CSEGs	23557
SNCB	CSEGs	6620
SNIP1	CSEGs	79753
SNRNP200	CEGs	23020
SNRNP25	CEGs	79622
SNRNP70	CEGs	6625
SNRPA1	CEGs	6627
SNRPB	CEGs	6628
SNRPD1	CEGs	6632
SNRPD2	CEGs	6633
SNRPD3	CEGs	6634
SNRPE	CEGs	6635
SNRPF	CEGs	6636
SNRPG	CEGs	6637
SNTB2	CSEGs	6645
SNW1	CEGs	22938
SNX16	CSEGs	64089
SNX24	CSEGs	28966
SOCS4	CSEGs	122809
SORCS2	CSEGs	57537
SOWAHC	CSEGs	65124
SOX7	CSEGs	83595
SPAG7	CSEGs	9552
SPAG8	CSEGs	26206
SPAG9	CSEGs	9043
SPAM1	CSEGs
SPARCL1	CSEGs	8404
SPATA4	CSEGs	132851
SPATA7	CSEGs	55812
SPATS2L	CSEGs	26010
SPC24	CEGs	147841
SPC25	CEGs	57405
SPCS1	CSEGs	28972
SPCS3	CEGs	60559
SPDL1	CEGs	54908
SPEF2	CSEGs	79925
SPESP1	CSEGs	246777
SPIC	CSEGs	121599
SPIN3	CSEGs	169981
SPINT2	CSEGs	10653
SPINT4	CSEGs	391253
SPNS3	CSEGs	201305
SPPL3	CSEGs	121665
SPRYD4	CSEGs	283377
SPSB1	CSEGs	80176
SPTLC3	CSEGs	55304
SRBD1	CEGs	55133
SRC	CSEGs	6714
SRP19	CEGs	6728
SRP54	CEGs	6729
SRP9	CEGs	6726
SRRM5	CSEGs	100170229
SRRT	CEGs	51593
SRSF1	CEGs	6426
SRSF3	CEGs	6428
SRSF7	CEGs	6432
SRY	CSEGs	6736
SS18	CSEGs	6760
SS18L2	CEGs	51188
SSR4	CSEGs	6748
SSRP1	CEGs	6749
SSTR5	CSEGs
SSU72	CEGs	29101
SSUH2	CSEGs	51066
ST13	CSEGs	6767
ST18	CSEGs	9705
ST3GAL1	CSEGs	6482
ST6GAL2	CSEGs	84620
ST6GALNAC3	CSEGs	256435
ST8SIA3	CSEGs	51046
ST8SIA6	CSEGs	338596
STAG3L4	CSEGs	64940
STAT3	CSEGs	6774
STAT5A	CSEGs	6776
STK17A	CSEGs	9263
STK17B	CSEGs	9262
STK33	CSEGs	65975
STMN1	CSEGs	3925
STMN2	CSEGs	11075
STOML1	CSEGs	9399
STPG2	CSEGs	285555
STRA8	CSEGs	346673
STRADB	CSEGs	55437
STRIP1	CSEGs	85369
STXBP4	CSEGs	252983
SUCNR1	CSEGs	56670
SULF2	CSEGs	55959
SULT1A1	CSEGs	6817
SULT1B1	CSEGs	27284
SUMF2	CSEGs	25870
SUPT16H	CEGs	11198
SUPT6H	CEGs	6830
SURF4	CSEGs	6836
SYCP3	CSEGs	50511
SYK	CSEGs	6850
SYMPK	CEGs	8189
SYNM	CSEGs	23336
SYNPR	CSEGs	132204
SYNRG	CSEGs	11276
SYS1	CEGs	90196
SYT10	CSEGs	341359
SYT6	CSEGs	148281
SYTL4	CSEGs	94121
TAAR2	CSEGs	9287
TAF15	CSEGs	8148
TAF1L	CSEGs	138474
TAF6	CEGs	6878
TAGLN2	CSEGs	8407
TANGO6	CEGs	79613
TAPT1	CSEGs	202018
TAS1R2	CSEGs	80834
TAS2R20	CSEGs	259295
TAS2R41	CSEGs	259287
TAS2R50	CSEGs	259296
TAX1BP1	CSEGs	8887
TBC1D10C	CSEGs	374403
TBC1D26	CSEGs	353149
TBC1D3F	CEGs	84218
TBC1D8	CSEGs	11138
TBCB	CEGs	1155
TBPL2	CSEGs	387332
TBX20	CSEGs	57057
TCAP	CSEGs	8557
TCEAL1	CSEGs	9338
TCEAL4	CSEGs	79921
TCEAL5	CSEGs	340543
TCEANC2	CSEGs	127428
TCIRG1	CSEGs	10312
TCP1	CEGs	6950
TCP10	CSEGs	6953
TCP10L2	CSEGs	401285
TCTE3	CSEGs	6991
TCTEX1D2	CSEGs	255758
TDRKH	CSEGs	11022
TEK	CSEGs	7010
TEN1	CSEGs	100134934
TERF2	CSEGs	7014
TERF2IP	CSEGs	54386
TESC	CSEGs	54997
TESK1	CSEGs	7016
TEX9	CSEGs	374618
TF	CSEGs	7018
TFAP2B	CSEGs	7021
TFEC	CSEGs	22797
TFIP11	CEGs	24144
TGFBI	CSEGs	7045
TGFBRAP1	CSEGs	9392
THAP2	CSEGs	83591
THBS3	CSEGs	7059
THOC2	CEGs	57187
THOC3	CEGs	84321
THOC5	CEGs	8563
THOP1	CSEGs	7064
THRA	CSEGs	7067
THSD1	CSEGs	55901
TICAM2	CSEGs	353376
TICRR	CEGs	90381
TIE1	CSEGs	7075
TIGD4	CSEGs	201798
TIMELESS	CEGs	8914
TINCR	CSEGs	257000
TLK1	CSEGs	9874
TLX1	CSEGs	3195
TM9SF1	CSEGs	10548
TM9SF4	CSEGs	9777
TMBIM6	CSEGs	7009
TMCO2	CSEGs	127391
TMCO3	CSEGs	55002
TMED1	CSEGs	11018
TMED5	CSEGs	50999
TMED9	CSEGs	54732
TMEFF2	CSEGs	23671
TMEM150A	CSEGs	129303
TMEM154	CSEGs	201799
TMEM161B	CSEGs	153396
TMEM164	CSEGs	84187
TMEM168	CSEGs	64418
TMEM189	CSEGs	387521
TMEM212	CSEGs	389177
TMEM216	CSEGs	51259
TMEM234	CSEGs	56063
TMEM236	CSEGs	653567
TMEM237	CSEGs	65062
TMEM42	CSEGs	131616
TMEM50A	CSEGs	23585
TMEM54	CSEGs	113452
TMEM65	CSEGs	157378
TMEM67	CSEGs	91147
TMEM71	CSEGs	137835
TMEM81	CSEGs	388730
TMEM9	CSEGs	252839
TMEM92	CSEGs	162461
TMPRSS11A	CSEGs	339967
TMSB10	CSEGs	9168
TMTC4	CSEGs	84899
TMX1	CSEGs	81542
TNFRSF14	CSEGs	8764
TNFRSF4	CSEGs	7293
TNFSF18	CSEGs	8995
TNIK	CSEGs	23043
TOB1	CSEGs	10140
TOMM34	CSEGs	10953
TONSL	CEGs	4796
TOP1	CEGs	7150
TOP2A	CEGs	7153
TOPBP1	CEGs	11073
TOPORS	CSEGs	10210
TOX4	CSEGs	9878
TP53BP2	CSEGs	7159
TP63	CSEGs	8626
TPCN1	CSEGs	53373
TPD52L2	CSEGs	7165
TPMT	CSEGs	7172
TPP2	CSEGs	7174
TPPP	CSEGs	11076
TPSAB1	CSEGs	7177
TPST1	CSEGs	8460
TPST2	CSEGs	8459
TPTE2P2	CSEGs	644623
TRAF6	CSEGs	7189
TRAF7	CSEGs	84231
TRAFD1	CSEGs	10906
TRAK1	CSEGs	22906
TRAM1L1	CSEGs	133022
TRAPPC1	CEGs	58485
TRAPPC2	CEGs	6399
TRAPPC3	CEGs	27095
TRAPPC5	CEGs	126003
TRAPPC6B	CSEGs	122553
TRAPPC8	CEGs	22878
TREML2	CSEGs	79865
TRIM22	CSEGs	10346
TRIM39	CSEGs	56658
TRIM63	CSEGs	84676
TRIM77	CSEGs	390231
TRIM9	CSEGs	114088
TRIP12	CSEGs	9320
TRIT1	CSEGs	54802
TRMT112	CEGs	51504
TRMT2A	CSEGs	27037
TRMT2B	CSEGs	79979
TRMT61A	CSEGs	115708
TRNT1	CEGs	51095
TRPA1	CSEGs	8989
TRPC1	CSEGs	7220
TRPC3	CSEGs	7222
TRPC6	CSEGs	7225
TRRAP	CEGs	8295
TSACC	CSEGs	128229
TSG101	CEGs	7251
TSGA10	CSEGs	80705
TSPAN11	CSEGs	441631
TSPAN18	CSEGs	90139
TSPAN31	CSEGs	6302
TSR2	CEGs	90121
TSR3	CSEGs	115939
TTC1	CEGs	7265
TTC27	CEGs	55622
TTC29	CSEGs	83894
TTC3	CSEGs	7267
TTLL1	CSEGs	25809
TUBA1C	CEGs	84790
TUBA3D	CSEGs	113457
TUBG1	CEGs	7283
TUBGCP2	CEGs	10844
TUBGCP3	CEGs	10426
TUBGCP4	CEGs	27229
TULP1	CSEGs	7287
TUSC3	CSEGs	7991
TUT1	CEGs	64852
TWISTNB	CEGs	221830
TXN	CEGs	7295
TXNL1	CSEGs	9352
TXNL4A	CEGs	10907
U2AF1	CEGs	7307
U2AF2	CEGs	11338
U2SURP	CEGs	23350
UBA1	CEGs	7317
UBA52	CEGs	7311
UBAC1	CSEGs	10422
UBB	CEGs	7314
UBE2D4	CSEGs	51619
UBE2E3	CSEGs	10477
UBE2I	CEGs	7329
UBE2K	CSEGs	3093
UBE2Q2	CSEGs	92912
UBFD1	CSEGs	56061
UBL5	CEGs	59286
UBQLN2	CSEGs	29978
UBTF	CEGs	7343
UBXN2A	CSEGs	165324
UBXN4	CSEGs	23190
UCHL3	CSEGs	7347
UGGT2	CSEGs	55757
UGT3A2	CSEGs	167127
ULK4	CSEGs	54986
UNC93B1	CSEGs	81622
UPF1	CEGs	5976
UPF2	CEGs	26019
UQCC1	CSEGs	55245
UQCC2	CSEGs	84300
URI1	CEGs	8725
USP15	CSEGs	9958
USP17L13	CSEGs	100287238
USP17L5	CEGs	728386
USP39	CEGs	10713
USP49	CSEGs	25862
USP5	CEGs
USPL1	CEGs	10208
UTP15	CEGs	84135
UTP6	CEGs	55813
UTS2	CSEGs	10911
UTY	CSEGs	7404
UXT	CEGs	8409
VAPA	CSEGs	9218
VCP	CEGs	7415
VENTX	CSEGs	27287
VEPH1	CSEGs	79674
VGLL2	CSEGs	245806
VHLL	CSEGs	391104
VIPR2	CSEGs	7434
VKORC1	CSEGs	79001
VN1R5	CSEGs	317705
VPS13A	CSEGs	23230
VPS25	CEGs	84313
VPS28	CEGs	51160
VPS39	CSEGs	23339
VPS45	CSEGs	11311
VSIG10L	CSEGs	147645
VSTM2A	CSEGs	222008
VTCN1	CSEGs	79679
WBP2NL	CSEGs	164684
WBP4	CSEGs	11193
WDHD1	CEGs	11169
WDR12	CEGs	55759
WDR17	CSEGs	116966
WDR33	CEGs	55339
WDR41	CSEGs	55255
WDR43	CEGs	23160
WDR44	CSEGs	54521
WDR61	CEGs	80349
WDR70	CEGs	55100
WDR75	CEGs	84128
WDR89	CSEGs	112840
WDR93	CSEGs	56964
WEE1	CEGs	7465
WFDC10A	CSEGs	140832
WNT4	CSEGs	54361
WNT7B	CSEGs	7477
WRAP73	CSEGs	49856
XAB2	CEGs	56949
XK	CSEGs	7504
XKR5	CSEGs	389610
XKR8	CSEGs	55113
XPO4	CSEGs	64328
XRCC5	CEGs	7520
XRCC6	CEGs	2547
XRRA1	CSEGs	143570
YBX1	CEGs	4904
YIPF3	CSEGs	25844
YIPF4	CSEGs	84272
YIPF7	CSEGs	285525
YWHAB	CSEGs	7529
ZAP70	CSEGs	7535
ZBBX	CSEGs	79740
ZBTB12	CSEGs	221527
ZBTB16	CSEGs	7704
ZBTB33	CSEGs	10009
ZBTB4	CSEGs	57659
ZBTB5	CSEGs	9925
ZBTB8OS	CEGs	339487
ZC3H12C	CSEGs	85463
ZC3H3	CSEGs	23144
ZFAND6	CSEGs	54469
ZFAT	CSEGs	57623
ZFP2	CSEGs	80108
ZFP36L2	CSEGs	678
ZFPM1	CSEGs	161882
ZFY	CSEGs	7544
ZMAT1	CSEGs	84460
ZNF107	CSEGs	51427
ZNF117	CSEGs	51351
ZNF131	CEGs	7690
ZNF133	CSEGs	7692
ZNF135	CSEGs	7694
ZNF14	CSEGs	7561
ZNF16	CSEGs	7564
ZNF184	CSEGs	7738
ZNF2	CSEGs	7549
ZNF20	CSEGs	7568
ZNF204P	CSEGs	7754
ZNF221	CSEGs	7638
ZNF227	CSEGs	7770
ZNF229	CSEGs	7772
ZNF230	CSEGs	7773
ZNF24	CSEGs	7572
ZNF248	CSEGs	57209
ZNF256	CSEGs	10172
ZNF28	CSEGs	7576
ZNF280A	CSEGs	129025
ZNF280D	CSEGs	54816
ZNF284	CSEGs	342909
ZNF286A	CSEGs	57335
ZNF30	CSEGs	90075
ZNF300	CSEGs	91975
ZNF302	CSEGs	55900
ZNF32	CSEGs	7580
ZNF324	CSEGs	25799
ZNF334	CSEGs	55713
ZNF337	CSEGs	26152
ZNF347	CSEGs	84671
ZNF35	CSEGs	7584
ZNF354A	CSEGs	6940
ZNF383	CSEGs	163087
ZNF396	CSEGs	252884
ZNF425	CSEGs	155054
ZNF426	CSEGs	79088
ZNF430	CSEGs	80264
ZNF439	CSEGs	90594
ZNF443	CSEGs	10224
ZNF468	CSEGs	90333
ZNF474	CSEGs	133923
ZNF479	CSEGs	90827
ZNF502	CSEGs	91392
ZNF503	CSEGs	84858
ZNF511	CSEGs	118472
ZNF519	CSEGs	162655
ZNF527	CSEGs	84503
ZNF564	CSEGs	163050
ZNF567	CSEGs	163081
ZNF585B	CSEGs	92285
ZNF589	CSEGs	51385
ZNF595	CSEGs	152687
ZNF596	CSEGs	169270
ZNF597	CSEGs	146434
ZNF613	CSEGs	79898
ZNF621	CSEGs	285268
ZNF627	CSEGs	199692
ZNF655	CSEGs	79027
ZNF665	CSEGs	79788
ZNF670	CSEGs	93474
ZNF684	CSEGs	127396
ZNF701	CSEGs	55762
ZNF705A	CSEGs	440077
ZNF706	CSEGs	51123
ZNF714	CSEGs	148206
ZNF728	CSEGs	388523
ZNF729	CSEGs	100287226
ZNF732	CSEGs	654254
ZNF747	CSEGs	65988
ZNF75D	CSEGs	7626
ZNF775	CSEGs	285971
ZNF780B	CSEGs	163131
ZNF781	CSEGs	163115
ZNF785	CSEGs	146540
ZNF813	CSEGs	126017
ZNF829	CSEGs	374899
ZNF839	CSEGs	55778
ZNF880	CSEGs	400713
ZNF90	CSEGs	7643
ZNF93	CSEGs	81931
ZNFX1	CSEGs	57169
ZNHIT2	CEGs	741
ZP1	CSEGs	22917
ZSCAN32	CSEGs	54925
ZSCAN4	CSEGs	201516
ZSWIM1	CSEGs	90204
ZSWIM4	CSEGs	65249
ZW10	CSEGs	9183
ADSSL1	CSEGs	122622
BRE	CSEGs	9577
C11orf31	CSEGs	280636
C11orf70	CSEGs	85016
C14orf159	CSEGs	80017
C6orf106	CSEGs	64771
CARS	CEGs	833
CD97	CSEGs	976
CIRH1A	CEGs	84916
COL4A3BP	CSEGs	10087
CPSF3L	CEGs	54973
CXorf23	CSEGs	256643
DARS	CEGs	1615
DFNA5	CSEGs	1687
DSCR3	CSEGs	10311
FAM19A4	CSEGs	151647
FAM21B	CSEGs	387680
GARS	CEGs	2617
GNB2L1	CEGs	10399
GRAMD3	CSEGs	65983
IARS	CEGs	3376
IL8	CSEGs	3576
KARS	CEGs	3735
LARS	CEGs	51520
MARCH10	CSEGs	162333
MARCH2	CSEGs	51257
MARS	CEGs	4141
MUM1	CSEGs	84939; 3662
MUT	CSEGs	4594
NARS	CEGs	4677
NGFRAP1	CSEGs	27018
NHP2L1	CEGs	4809
ORAOV1	CEGs	220064
PQLC2	CSEGs	54896
PRSS45	CSEGs	377047
PTPN20A	CSEGs	26095
QARS	CEGs	5859
RARS	CEGs	5917
RTFDC1	CEGs	51507
SARS	CEGs	6301
SEPT2	CSEGs	4735; 23157
SEPT6	CSEGs	23157
SEPW1	CSEGs	6415
TARS	CEGs	6897
TCEB1	CEGs	6921
UFD1L	CEGs	7353
VARS	CEGs	7407
WARS	CEGs	7453
WBSCR22	CEGs	114049
YARS	CEGs	8565
